id,family,length,theta_global,delta_norm_pred,delta_theta_1,delta_theta_2,delta_theta_3,delta_theta_4
group_I_intron-IE1-Leo_sp-4.S516_p1,group_I_intron,352,"[-0.4995006322860718, -0.05748400464653969, -0.0700346976518631, -0.018987152725458145]",0.03432433679699898,0.022066684439778328,0.01717252843081951,0.019690345972776413,0.002935308963060379
group_I_intron-IE3-Pci.S1199-2,group_I_intron,388,"[-0.4995006322860718, -0.05748400464653969, -0.0700346976518631, -0.018987152725458145]",0.03595278784632683,0.0248489361256361,0.015794511884450912,0.020615555346012115,0.0008158553391695023
group_I_intron-IC1-Fsp.L798,group_I_intron,404,"[-0.4995006322860718, -0.05748400464653969, -0.0700346976518631, -0.018987152725458145]",0.034807901829481125,0.02030561864376068,0.019313018769025803,0.02061687409877777,0.0011062100529670715
group_I_intron-IC1-Mle.S1506,group_I_intron,405,"[-0.4995006322860718, -0.05748400464653969, -0.0700346976518631, -0.018987152725458145]",0.0349186472594738,0.020699210464954376,0.019048672169446945,0.0206650048494339,0.0009798966348171234
group_I_intron-IC1-Pst.L798,group_I_intron,412,"[-0.4995006322860718, -0.05748400464653969, -0.0700346976518631, -0.018987152725458145]",0.034541767090559006,0.017676666378974915,0.021327638998627663,0.02059219405055046,0.0013275668025016785
group_I_intron-IE2-Tpa.S516-1,group_I_intron,442,"[-0.4995006322860718, -0.05748400464653969, -0.0700346976518631, -0.018987152725458145]",0.0359535738825798,0.021702321246266365,0.01895919069647789,0.021484263241291046,-0.0008026212453842163
group_I_intron-IE-Lin.S1199-3_p1,group_I_intron,385,"[-0.4995006322860718, -0.05748400464653969, -0.0700346976518631, -0.018987152725458145]",0.035716842859983444,0.0243996474891901,0.016064748167991638,0.020523034036159515,0.0010388363152742386
group_I_intron-IC1-Nsp.L1949,group_I_intron,409,"[-0.4995006322860718, -0.05748400464653969, -0.0700346976518631, -0.018987152725458145]",0.034536708146333694,0.018171291798353195,0.020923247560858727,0.020566612482070923,0.0013492945581674576
group_I_intron-IC1-Pla.S943,group_I_intron,362,"[-0.4995006322860718, -0.05748400464653969, -0.0700346976518631, -0.018987152725458145]",0.03392037749290466,0.019848084077239037,0.01892777718603611,0.01973520591855049,0.002984382212162018
group_I_intron-IC3-Cpa.y.trnL-1_p1,group_I_intron,251,"[-0.4995006322860718, -0.05748400464653969, -0.0700346976518631, -0.018987152725458145]",0.031981807202100754,0.013063235208392143,0.02189463935792446,0.017009686678647995,0.009136916138231754
group_I_intron-IC1-Mfr.S943-2,group_I_intron,436,"[-0.4995006322860718, -0.05748400464653969, -0.0700346976518631, -0.018987152725458145]",0.03494376316666603,0.015274872072041035,0.02345123514533043,0.02090713568031788,0.000822160392999649
group_I_intron-IE3-Xpo.S1199,group_I_intron,465,"[-0.4995006322860718, -0.05748400464653969, -0.0700346976518631, -0.018987152725458145]",0.03578052669763565,0.01269981823861599,0.02578345686197281,0.02131088823080063,0.00014171376824378967
group_I_intron-IC1-Cmi.S1046-1,group_I_intron,424,"[-0.4995006322860718, -0.05748400464653969, -0.0700346976518631, -0.018987152725458145]",0.03643616661429405,0.024325750768184662,0.016778938472270966,0.0213063545525074,-0.0005988422781229019
group_I_intron-IC1-Pfo.S943,group_I_intron,316,"[-0.4995006322860718, -0.05748400464653969, -0.0700346976518631, -0.018987152725458145]",0.03485582023859024,0.024949003010988235,0.014501993544399738,0.019166849553585052,0.0038470104336738586
group_I_intron-IE2-Sba.S516,group_I_intron,480,"[-0.4995006322860718, -0.05748400464653969, -0.0700346976518631, -0.018987152725458145]",0.03650776669383049,0.020358312875032425,0.020564191043376923,0.022157292813062668,-0.00212709978222847
group_I_intron-IC1-Ceh.S1506-56,group_I_intron,473,"[-0.4995006322860718, -0.05748400464653969, -0.0700346976518631, -0.018987152725458145]",0.03674343600869179,0.022003768011927605,0.01926945149898529,0.022132445126771927,-0.0021811593323946
group_I_intron-IE-Mto.S1199_p10,group_I_intron,392,"[-0.4995006322860718, -0.05748400464653969, -0.0700346976518631, -0.018987152725458145]",0.03557138890028,0.02368173375725746,0.016696561127901077,0.0206136591732502,0.0008951332420110703
group_I_intron-IC1-Mpl.L798-1,group_I_intron,434,"[-0.4995006322860718, -0.05748400464653969, -0.0700346976518631, -0.018987152725458145]",0.034899383783340454,0.015203706920146942,0.023468181490898132,0.02086164988577366,0.000922124832868576
group_I_intron-IC1-Boc.S943-3,group_I_intron,385,"[-0.4995006322860718, -0.05748400464653969, -0.0700346976518631, -0.018987152725458145]",0.034875161945819855,0.021976524963974953,0.017796590924263,0.020351197570562363,0.0015554744750261307
group_I_intron-IC1-Cli.S943-1,group_I_intron,410,"[-0.4995006322860718, -0.05748400464653969, -0.0700346976518631, -0.018987152725458145]",0.035306740552186966,0.021798035129904747,0.01834811642765999,0.020844027400016785,0.0005336366593837738
group_I_intron-IE2-Pbr.S516,group_I_intron,409,"[-0.4995006322860718, -0.05748400464653969, -0.0700346976518631, -0.018987152725458145]",0.03518000990152359,0.021412620320916176,0.01860661990940571,0.02079647406935692,0.0006582066416740417
group_I_intron-IC1-Sgr.S943,group_I_intron,395,"[-0.4995006322860718, -0.05748400464653969, -0.0700346976518631, -0.018987152725458145]",0.03556321933865547,0.023504042997956276,0.016874434426426888,0.020661719143390656,0.0008058305829763412
group_I_intron-IC1-Msc.S788-2,group_I_intron,309,"[-0.4995006322860718, -0.05748400464653969, -0.0700346976518631, -0.018987152725458145]",0.03266054391860962,0.017037205398082733,0.02003796584904194,0.018464237451553345,0.0058306679129600525
group_I_intron-IC1-bas_sp.S943-3,group_I_intron,420,"[-0.4995006322860718, -0.05748400464653969, -0.0700346976518631, -0.018987152725458145]",0.034886475652456284,0.018997279927134514,0.02051944099366665,0.020847603678703308,0.0007068309932947159
group_I_intron-IC1-Cho_sp-4.S1046,group_I_intron,431,"[-0.4995006322860718, -0.05748400464653969, -0.0700346976518631, -0.018987152725458145]",0.03613127022981644,0.023069260641932487,0.017795678228139877,0.021358786150813103,-0.0006277132779359818
group_I_intron-IC1-Kap.S156,group_I_intron,433,"[-0.4995006322860718, -0.05748400464653969, -0.0700346976518631, -0.018987152725458145]",0.035335469990968704,0.019930288195610046,0.020073065534234047,0.021176621317863464,-4.324130713939667e-05
group_I_intron-IA3-Cni.cL2593,group_I_intron,320,"[-0.4995006322860718, -0.05748400464653969, -0.0700346976518631, -0.018987152725458145]",0.03294696286320686,0.012366874143481255,0.023562463000416756,0.01835544966161251,0.006360082887113094
group_I_intron-IC1-Mte.S516,group_I_intron,394,"[-0.4995006322860718, -0.05748400464653969, -0.0700346976518631, -0.018987152725458145]",0.03456874564290047,0.02011530101299286,0.01927945762872696,0.020401181653141975,0.0015707463026046753
group_I_intron-IE1-Min.S516-1_p1,group_I_intron,308,"[-0.4995006322860718, -0.05748400464653969, -0.0700346976518631, -0.018987152725458145]",0.03725159168243408,0.02972329407930374,0.010954068973660469,0.01934366673231125,0.0031682439148426056
group_I_intron-IC1-Asp-1.S891,group_I_intron,412,"[-0.4995006322860718, -0.05748400464653969, -0.0700346976518631, -0.018987152725458145]",0.03442254289984703,0.015650689601898193,0.02277563512325287,0.02044851891696453,0.0017595291137695312
group_I_intron-IC3-Ps_sp.b.trnL,group_I_intron,245,"[-0.4995006322860718, -0.05748400464653969, -0.0700346976518631, -0.018987152725458145]",0.03246920928359032,0.020393237471580505,0.016554027795791626,0.017408186569809914,0.00782844889909029
group_I_intron-IC1-Pbr.S943,group_I_intron,398,"[-0.4995006322860718, -0.05748400464653969, -0.0700346976518631, -0.018987152725458145]",0.03515656664967537,0.022094104439020157,0.017933012917637825,0.020622389391064644,0.0009792596101760864
group_I_intron-IC1-Co_sp-3.S943,group_I_intron,415,"[-0.4995006322860718, -0.05748400464653969, -0.0700346976518631, -0.018987152725458145]",0.0363793708384037,0.024641746655106544,0.016400465741753578,0.02114678919315338,-0.00028465501964092255
group_I_intron-IC1-Acy.S943,group_I_intron,398,"[-0.4995006322860718, -0.05748400464653969, -0.0700346976518631, -0.018987152725458145]",0.03488149121403694,0.021107163280248642,0.01863839291036129,0.02055239863693714,0.001189686357975006
group_I_intron-IE1-Min.S516-1_p10,group_I_intron,308,"[-0.4995006322860718, -0.05748400464653969, -0.0700346976518631, -0.018987152725458145]",0.03725159168243408,0.02972329407930374,0.010954068973660469,0.01934366673231125,0.0031682439148426056
group_I_intron-IE-Cky.S1199_p10,group_I_intron,401,"[-0.4995006322860718, -0.05748400464653969, -0.0700346976518631, -0.018987152725458145]",0.03559676557779312,0.02327534556388855,0.017139635980129242,0.020766817033290863,0.0006002169102430344
group_I_intron-IC1-Pst.S943,group_I_intron,394,"[-0.4995006322860718, -0.05748400464653969, -0.0700346976518631, -0.018987152725458145]",0.03422725200653076,0.018121387809515,0.020704539492726326,0.020259780809283257,0.0019958708435297012
group_I_intron-IC1-Cpu.S1506,group_I_intron,476,"[-0.4995006322860718, -0.05748400464653969, -0.0700346976518631, -0.018987152725458145]",0.03700714185833931,0.022663787007331848,0.0188485998660326,0.022239908576011658,-0.0024490710347890854
group_I_intron-IE1-Leo_sp-1.S516_p10,group_I_intron,352,"[-0.4995006322860718, -0.05748400464653969, -0.0700346976518631, -0.018987152725458145]",0.03424014523625374,0.02178770676255226,0.01737191714346409,0.01967056281864643,0.0029947906732559204
group_I_intron-IC1-Tle.S891-2,group_I_intron,403,"[-0.4995006322860718, -0.05748400464653969, -0.0700346976518631, -0.018987152725458145]",0.034373823553323746,0.017838716506958008,0.021059194579720497,0.02042170986533165,0.0016745775938034058
group_I_intron-IE1-Cca.S516_p1,group_I_intron,324,"[-0.4995006322860718, -0.05748400464653969, -0.0700346976518631, -0.018987152725458145]",0.037865571677684784,0.030401406809687614,0.010740743950009346,0.019715268164873123,0.0023453310132026672
group_I_intron-IC1-Cli.S943-2,group_I_intron,401,"[-0.4995006322860718, -0.05748400464653969, -0.0700346976518631, -0.018987152725458145]",0.03520195558667183,0.022050902247428894,0.01801476441323757,0.020679984241724014,0.0008612833917140961
group_I_intron-IC1-Uma.S943,group_I_intron,426,"[-0.4995006322860718, -0.05748400464653969, -0.0700346976518631, -0.018987152725458145]",0.03489187732338905,0.018134400248527527,0.02123790606856346,0.020907726138830185,0.0006364323198795319
group_I_intron-IC1-Ssc.L798-4,group_I_intron,323,"[-0.4995006322860718, -0.05748400464653969, -0.0700346976518631, -0.018987152725458145]",0.03343774750828743,0.02050044760107994,0.01780015043914318,0.018992910161614418,0.004498723894357681
tmRNA-Ther.ther._TRW-300852,tmRNA,349,"[-0.4995006322860718, -0.05748400464653969, -0.0700346976518631, -0.018987152725458145]",0.038284577429294586,0.030534010380506516,0.011069927364587784,0.020230159163475037,0.001257164403796196
tmRNA-Acti.pleu._TRW-44294,tmRNA,366,"[-0.4995006322860718, -0.05748400464653969, -0.0700346976518631, -0.018987152725458145]",0.03399666026234627,0.01987575739622116,0.01897583343088627,0.019818048924207687,0.00280890055000782
tmRNA-Trep.pall._TRW-243276,tmRNA,354,"[-0.4995006322860718, -0.05748400464653969, -0.0700346976518631, -0.018987152725458145]",0.03534303978085518,0.024776572361588478,0.015269647352397442,0.019922960549592972,0.002272738143801689
tmRNA-uncu.bact._TRW-80840-2,tmRNA,379,"[-0.4995006322860718, -0.05748400464653969, -0.0700346976518631, -0.018987152725458145]",0.03581411391496658,0.024900853633880615,0.015604779124259949,0.02043726295232773,0.001186346635222435
tmRNA-Aqui.aeol._TRW-63363,tmRNA,347,"[-0.4995006322860718, -0.05748400464653969, -0.0700346976518631, -0.018987152725458145]",0.037309933453798294,0.028948653489351273,0.012169089168310165,0.020077291876077652,0.0016799736768007278
tmRNA-Stap.epid._AF375586,tmRNA,311,"[-0.4995006322860718, -0.05748400464653969, -0.0700346976518631, -0.018987152725458145]",0.032749466598033905,0.01764339953660965,0.019638625904917717,0.0185476653277874,0.005616629496216774
tmRNA-envi.sequ._TRW-32045-3,tmRNA,350,"[-0.4995006322860718, -0.05748400464653969, -0.0700346976518631, -0.018987152725458145]",0.0332956463098526,0.01694032922387123,0.020802494138479233,0.019286366179585457,0.004113098606467247
tmRNA-Myco.pene._BA000026,tmRNA,405,"[-0.4995006322860718, -0.05748400464653969, -0.0700346976518631, -0.018987152725458145]",0.03457321226596832,0.011727823875844479,0.025460656732320786,0.020028788596391678,0.0028926972299814224
tmRNA-Yers.pseu._AR948532,tmRNA,364,"[-0.4995006322860718, -0.05748400464653969, -0.0700346976518631, -0.018987152725458145]",0.03422742709517479,0.021008871495723724,0.018132062628865242,0.019857965409755707,0.0026520974934101105
tmRNA-Clos.perf._CP000246,tmRNA,361,"[-0.4995006322860718, -0.05748400464653969, -0.0700346976518631, -0.018987152725458145]",0.033674560487270355,0.018582578748464584,0.019815295934677124,0.019625242799520493,0.003296598792076111
tmRNA-Xant.camp._AE012247,tmRNA,397,"[-0.4995006322860718, -0.05748400464653969, -0.0700346976518631, -0.018987152725458145]",0.03540331870317459,0.022932888939976692,0.017316561192274094,0.020661652088165283,0.0008428152650594711
tmRNA-Ther.elon._BA000039,tmRNA,386,"[-0.4995006322860718, -0.05748400464653969, -0.0700346976518631, -0.018987152725458145]",0.03468726947903633,0.02124306745827198,0.018337761983275414,0.02031940221786499,0.0016694571822881699
tmRNA-Baci.clau._AP006627,tmRNA,355,"[-0.4995006322860718, -0.05748400464653969, -0.0700346976518631, -0.018987152725458145]",0.034282706677913666,0.021763060241937637,0.01744040846824646,0.01972947269678116,0.0028728581964969635
tmRNA-envi.sequ._TRW-32045-1,tmRNA,355,"[-0.4995006322860718, -0.05748400464653969, -0.0700346976518631, -0.018987152725458145]",0.03340316191315651,0.017198819667100906,0.020702539011836052,0.019405793398618698,0.003846006467938423
tmRNA-Stre.ther._CP000024,tmRNA,350,"[-0.4995006322860718, -0.05748400464653969, -0.0700346976518631, -0.018987152725458145]",0.03333217650651932,0.01736118644475937,0.020501701161265373,0.019316211342811584,0.004023365676403046
tmRNA-Soda.glos._AP008232,tmRNA,384,"[-0.4995006322860718, -0.05748400464653969, -0.0700346976518631, -0.018987152725458145]",0.034331586211919785,0.019900627434253693,0.019263306632637978,0.020183762535452843,0.0020404737442731857
tmRNA-Xyle.fast._AE003849,tmRNA,355,"[-0.4995006322860718, -0.05748400464653969, -0.0700346976518631, -0.018987152725458145]",0.03525682911276817,0.024529263377189636,0.015463359653949738,0.019925642758607864,0.0022830720990896225
tmRNA-Stap.aure._BA000018,tmRNA,362,"[-0.4995006322860718, -0.05748400464653969, -0.0700346976518631, -0.018987152725458145]",0.03355931118130684,0.0175422765314579,0.02057577297091484,0.019571688026189804,0.0034760069102048874
tmRNA-Bact.mari._TRW-97084,tmRNA,385,"[-0.4995006322860718, -0.05748400464653969, -0.0700346976518631, -0.018987152725458145]",0.03416769951581955,0.01891573704779148,0.019984181970357895,0.020134136080741882,0.0022080689668655396
tmRNA-List.mono._AL591983,tmRNA,370,"[-0.4995006322860718, -0.05748400464653969, -0.0700346976518631, -0.018987152725458145]",0.03385462611913681,0.018706107512116432,0.01987963169813156,0.019815977662801743,0.002888699993491173
tmRNA-Pelo.carb._CP000142,tmRNA,358,"[-0.4995006322860718, -0.05748400464653969, -0.0700346976518631, -0.018987152725458145]",0.03440746292471886,0.022011732682585716,0.017313553020358086,0.019807767122983932,0.002692651003599167
tmRNA-Baci.anth._AE016879,tmRNA,355,"[-0.4995006322860718, -0.05748400464653969, -0.0700346976518631, -0.018987152725458145]",0.03382434323430061,0.019965026527643204,0.01872549019753933,0.019601963460445404,0.003256220370531082
tmRNA-Salm.ente._TRW-295319,tmRNA,363,"[-0.4995006322860718, -0.05748400464653969, -0.0700346976518631, -0.018987152725458145]",0.03463244438171387,0.022459084168076515,0.017078615725040436,0.019940588623285294,0.002385290339589119
tmRNA-Ther.mari._TRW-243274-1,tmRNA,356,"[-0.4995006322860718, -0.05748400464653969, -0.0700346976518631, -0.018987152725458145]",0.036081474274396896,0.026352012529969215,0.01417757198214531,0.020075123757123947,0.0018520448356866837
tmRNA-Geob.sulf._AE017180,tmRNA,356,"[-0.4995006322860718, -0.05748400464653969, -0.0700346976518631, -0.018987152725458145]",0.03501223772764206,0.02386942319571972,0.015951916575431824,0.019899068400263786,0.002381362020969391
tmRNA-Stap.epid._TRW-1282-1,tmRNA,361,"[-0.4995006322860718, -0.05748400464653969, -0.0700346976518631, -0.018987152725458145]",0.033523231744766235,0.01735847443342209,0.020690180361270905,0.019538434222340584,0.0035575907677412033
tmRNA-Lact.acid._CP000033,tmRNA,369,"[-0.4995006322860718, -0.05748400464653969, -0.0700346976518631, -0.018987152725458145]",0.03357071056962013,0.015337144955992699,0.022270523011684418,0.019556844606995583,0.0036493968218564987
tmRNA-Esch.coli._CP000468,tmRNA,363,"[-0.4995006322860718, -0.05748400464653969, -0.0700346976518631, -0.018987152725458145]",0.03438492491841316,0.021647509187459946,0.0176586601883173,0.019883036613464355,0.0025583282113075256
tmRNA-Geob.meta._CP000148,tmRNA,356,"[-0.4995006322860718, -0.05748400464653969, -0.0700346976518631, -0.018987152725458145]",0.03506529703736305,0.024007344618439674,0.015853341668844223,0.019908849149942398,0.0023519545793533325
tmRNA-Camp.coli._TRW-306254,tmRNA,359,"[-0.4995006322860718, -0.05748400464653969, -0.0700346976518631, -0.018987152725458145]",0.03345557302236557,0.01698734052479267,0.02092151902616024,0.019471675157546997,0.0037215128540992737
tmRNA-Shig.dyse._CP000034,tmRNA,363,"[-0.4995006322860718, -0.05748400464653969, -0.0700346976518631, -0.018987152725458145]",0.034464314579963684,0.02191803604364395,0.017465312033891678,0.019902219995856285,0.00250064954161644
tmRNA-Bact.frag._CR626927,tmRNA,398,"[-0.4995006322860718, -0.05748400464653969, -0.0700346976518631, -0.018987152725458145]",0.0342399962246418,0.01752951554954052,0.021195391193032265,0.020298685878515244,0.001952480524778366
tmRNA-Guil.thet._AF041468,tmRNA,327,"[-0.4995006322860718, -0.05748400464653969, -0.0700346976518631, -0.018987152725458145]",0.033211320638656616,0.011390547268092632,0.02437896467745304,0.01842774823307991,0.006271476857364178
tmRNA-Myco.geni._TRW-243273,tmRNA,388,"[-0.4995006322860718, -0.05748400464653969, -0.0700346976518631, -0.018987152725458145]",0.03403657674789429,0.013206633739173412,0.024115439504384995,0.0197899267077446,0.0032981261610984802
tmRNA-Meth.caps._AE017282,tmRNA,356,"[-0.4995006322860718, -0.05748400464653969, -0.0700346976518631, -0.018987152725458145]",0.03528514876961708,0.024559030309319496,0.01545904390513897,0.019947972148656845,0.0022343285381793976
tmRNA-Paen.larv._TRW-1464,tmRNA,367,"[-0.4995006322860718, -0.05748400464653969, -0.0700346976518631, -0.018987152725458145]",0.0344185009598732,0.021521104499697685,0.017816836014389992,0.019954949617385864,0.002415696159005165
tmRNA-Burk.fung._TRW-266265,tmRNA,370,"[-0.4995006322860718, -0.05748400464653969, -0.0700346976518631, -0.018987152725458145]",0.034784384071826935,0.02255449816584587,0.01712912879884243,0.020088892430067062,0.002068178728222847
tmRNA-Bord.aviu._AM167904,tmRNA,406,"[-0.4995006322860718, -0.05748400464653969, -0.0700346976518631, -0.018987152725458145]",0.03533860668540001,0.022179150953888893,0.018007894977927208,0.02079017460346222,0.0006219614297151566
tmRNA-uncu.bact._TRW-32033-1,tmRNA,354,"[-0.4995006322860718, -0.05748400464653969, -0.0700346976518631, -0.018987152725458145]",0.035460639744997025,0.025053976103663445,0.015071382746100426,0.01994263380765915,0.0022135917097330093
tmRNA-Grac.tenu._AY673996,tmRNA,396,"[-0.4995006322860718, -0.05748400464653969, -0.0700346976518631, -0.018987152725458145]",0.03606831282377243,0.005921171512454748,0.02945813350379467,0.01943502575159073,0.004512304440140724
tmRNA-Baci.subt._TRW-1423,tmRNA,363,"[-0.4995006322860718, -0.05748400464653969, -0.0700346976518631, -0.018987152725458145]",0.03403559327125549,0.02029488980770111,0.018625397235155106,0.01978711225092411,0.0028467215597629547
tmRNA-Shig.sonn._CP000038,tmRNA,363,"[-0.4995006322860718, -0.05748400464653969, -0.0700346976518631, -0.018987152725458145]",0.03438492491841316,0.021647509187459946,0.0176586601883173,0.019883036613464355,0.0025583282113075256
tmRNA-Haem.infl._L42023,tmRNA,366,"[-0.4995006322860718, -0.05748400464653969, -0.0700346976518631, -0.018987152725458145]",0.033942077308893204,0.01960745081305504,0.019167594611644745,0.019799020141363144,0.0028661061078310013
tmRNA-Psyc.cryo._CP000323,tmRNA,359,"[-0.4995006322860718, -0.05748400464653969, -0.0700346976518631, -0.018987152725458145]",0.033569060266017914,0.01808149367570877,0.020139511674642563,0.01954926922917366,0.0034882258623838425
tmRNA-Pseu.syri._CP000058,tmRNA,388,"[-0.4995006322860718, -0.05748400464653969, -0.0700346976518631, -0.018987152725458145]",0.034611400216817856,0.020799439400434494,0.0186887476593256,0.020328380167484283,0.0016792546957731247
tmRNA-Prop.acne._TRW-1747-2,tmRNA,353,"[-0.4995006322860718, -0.05748400464653969, -0.0700346976518631, -0.018987152725458145]",0.034395795315504074,0.02224324829876423,0.017063293606042862,0.019723087549209595,0.0028552673757076263
tmRNA-Azot.vine._TRW-354,tmRNA,352,"[-0.4995006322860718, -0.05748400464653969, -0.0700346976518631, -0.018987152725458145]",0.03484613820910454,0.023601064458489418,0.01607588306069374,0.019799157977104187,0.0026081614196300507
tmRNA-envi.sequ._TRW-32045-2,tmRNA,345,"[-0.4995006322860718, -0.05748400464653969, -0.0700346976518631, -0.018987152725458145]",0.03315071389079094,0.01567409187555313,0.02162270061671734,0.019095472991466522,0.0045950524508953094
tmRNA-uncu.bact._TRW-135621-1,tmRNA,397,"[-0.4995006322860718, -0.05748400464653969, -0.0700346976518631, -0.018987152725458145]",0.034762151539325714,0.02070668525993824,0.018907662481069565,0.020503778010606766,0.0013174675405025482
tmRNA-Kleb.pneu._TRW-272620,tmRNA,363,"[-0.4995006322860718, -0.05748400464653969, -0.0700346976518631, -0.018987152725458145]",0.034346409142017365,0.02151224948465824,0.017755333334207535,0.019873443990945816,0.0025871675461530685
tmRNA-Para.symb._BX908798,tmRNA,405,"[-0.4995006322860718, -0.05748400464653969, -0.0700346976518631, -0.018987152725458145]",0.03429067134857178,0.014516226947307587,0.023467743769288063,0.020226530730724335,0.0022981781512498856
tmRNA-Synt.acid._CP000252,tmRNA,356,"[-0.4995006322860718, -0.05748400464653969, -0.0700346976518631, -0.018987152725458145]",0.034010764211416245,0.020697223022580147,0.01821913570165634,0.019674107432365417,0.003057710826396942
tmRNA-Shig.flex._CP000266,tmRNA,363,"[-0.4995006322860718, -0.05748400464653969, -0.0700346976518631, -0.018987152725458145]",0.03438492491841316,0.021647509187459946,0.0176586601883173,0.019883036613464355,0.0025583282113075256
tmRNA-Stre.gord._TRW-29390,tmRNA,349,"[-0.4995006322860718, -0.05748400464653969, -0.0700346976518631, -0.018987152725458145]",0.03326455131173134,0.016746576875448227,0.02092401310801506,0.019252406433224678,0.004196804016828537
tmRNA-Colw.psyc._CP000083,tmRNA,350,"[-0.4995006322860718, -0.05748400464653969, -0.0700346976518631, -0.018987152725458145]",0.033989664167165756,0.021008627489209175,0.017894819378852844,0.019574875012040138,0.0032456908375024796
tmRNA-Chlo.tepi._TRW-194439,tmRNA,404,"[-0.4995006322860718, -0.05748400464653969, -0.0700346976518631, -0.018987152725458145]",0.03498130291700363,0.021034827455878258,0.018791843205690384,0.02066858485341072,0.0009507331997156143
tmRNA-Myco.tube._TRW-164513,tmRNA,368,"[-0.4995006322860718, -0.05748400464653969, -0.0700346976518631, -0.018987152725458145]",0.03615286201238632,0.02609269693493843,0.014566409401595592,0.020299367606639862,0.0013985857367515564
tmRNA-Chlo.chlo._CP000108,tmRNA,401,"[-0.4995006322860718, -0.05748400464653969, -0.0700346976518631, -0.018987152725458145]",0.03432510048151016,0.017765354365110397,0.021077709272503853,0.020376067608594894,0.001775011420249939
tmRNA-Prop.acne._AE017283,tmRNA,371,"[-0.4995006322860718, -0.05748400464653969, -0.0700346976518631, -0.018987152725458145]",0.03518040105700493,0.023644905537366867,0.016366757452487946,0.020186439156532288,0.00179329514503479
tmRNA-Pseu.fluo._CP000094,tmRNA,390,"[-0.4995006322860718, -0.05748400464653969, -0.0700346976518631, -0.018987152725458145]",0.034665290266275406,0.02086338773369789,0.018676958978176117,0.020373355597257614,0.0015808288007974625
tmRNA-Myco.hyop._TRW-262719,tmRNA,433,"[-0.4995006322860718, -0.05748400464653969, -0.0700346976518631, -0.018987152725458145]",0.036256350576877594,0.0074568092823028564,0.028988048434257507,0.020292049273848534,0.0026162471622228622
tmRNA-Buch.aphi._AE013218,tmRNA,376,"[-0.4995006322860718, -0.05748400464653969, -0.0700346976518631, -0.018987152725458145]",0.03399279713630676,0.011770449578762054,0.024938400834798813,0.019445445388555527,0.004113087430596352
tmRNA-Myco.hyop._TRW-295358,tmRNA,424,"[-0.4995006322860718, -0.05748400464653969, -0.0700346976518631, -0.018987152725458145]",0.03603577986359596,0.00753442756831646,0.028779948130249977,0.020115578547120094,0.0029812604188919067
tmRNA-Chla.abor._CR848038,tmRNA,425,"[-0.4995006322860718, -0.05748400464653969, -0.0700346976518631, -0.018987152725458145]",0.03470318391919136,0.014984249137341976,0.023472407832741737,0.020664110779762268,0.00135047547519207
tmRNA-Chla.cavi._AE015925,tmRNA,425,"[-0.4995006322860718, -0.05748400464653969, -0.0700346976518631, -0.018987152725458145]",0.03469974920153618,0.015330838970839977,0.023224694654345512,0.02068869024515152,0.0012765787541866302
tmRNA-Ther.yell._TRW-289376,tmRNA,350,"[-0.4995006322860718, -0.05748400464653969, -0.0700346976518631, -0.018987152725458145]",0.034311432391405106,0.022130915895104408,0.01709270291030407,0.019654463976621628,0.0030064061284065247
tmRNA-Dict.ther._TRW-14,tmRNA,350,"[-0.4995006322860718, -0.05748400464653969, -0.0700346976518631, -0.018987152725458145]",0.03414372727274895,0.021569769829511642,0.01749376207590103,0.01961466856300831,0.0031260475516319275
tmRNA-Myco.pulm._AL445565,tmRNA,387,"[-0.4995006322860718, -0.05748400464653969, -0.0700346976518631, -0.018987152725458145]",0.03420610725879669,0.011758968234062195,0.025133147835731506,0.019667044281959534,0.003649182617664337
tmRNA-Prot.mira._TRW-584,tmRNA,367,"[-0.4995006322860718, -0.05748400464653969, -0.0700346976518631, -0.018987152725458145]",0.03399499133229256,0.019781865179538727,0.01905989833176136,0.01983160898089409,0.0027865227311849594
tmRNA-Lact.sake._TRW-314315,tmRNA,370,"[-0.4995006322860718, -0.05748400464653969, -0.0700346976518631, -0.018987152725458145]",0.03381477668881416,0.018440701067447662,0.020069321617484093,0.019797157496213913,0.0029452871531248093
tmRNA-Lact.delb._TRW-321956,tmRNA,362,"[-0.4995006322860718, -0.05748400464653969, -0.0700346976518631, -0.018987152725458145]",0.03386538103222847,0.01957681216299534,0.01912165991961956,0.019715968519449234,0.0030422210693359375
tmRNA-Pseu.fluo._CP000076,tmRNA,394,"[-0.4995006322860718, -0.05748400464653969, -0.0700346976518631, -0.018987152725458145]",0.0348377525806427,0.021236877888441086,0.018477853387594223,0.020480718463659286,0.001331612467765808
SRP-protozoan-Tryp.cong._SDB-5692,SRP,279,"[-0.4995006322860718, -0.05748400464653969, -0.0700346976518631, -0.018987152725458145]",0.03712715953588486,0.030036116018891335,0.010238700546324253,0.018779486417770386,0.004331022500991821
SRP-small_bacterial-Stre.agal._CP000114,SRP,77,"[-0.4995006322860718, -0.05748400464653969, -0.0700346976518631, -0.018987152725458145]",0.035146694630384445,0.027839628979563713,0.00838298350572586,0.014539379626512527,0.013363275676965714
SRP-plant-Popu.trem._BU866844,SRP,299,"[-0.4995006322860718, -0.05748400464653969, -0.0700346976518631, -0.018987152725458145]",0.03406806290149689,0.02356211096048355,0.015204934403300285,0.01872476376593113,0.004863439127802849
SRP-fungal-Zygo.roux._BN000170,SRP,243,"[-0.4995006322860718, -0.05748400464653969, -0.0700346976518631, -0.018987152725458145]",0.03478576987981796,0.026484880596399307,0.012166320346295834,0.01779974438250065,0.006614432670176029
SRP-fungal-Para.bras._CN239248,SRP,127,"[-0.4995006322860718, -0.05748400464653969, -0.0700346976518631, -0.018987152725458145]",0.03939594328403473,0.03431088477373123,0.004605794325470924,0.016009271144866943,0.009863742627203465
SRP-small_bacterial-Trop.whip._AE016852,SRP,105,"[-0.4995006322860718, -0.05748400464653969, -0.0700346976518631, -0.018987152725458145]",0.039307400584220886,0.034162476658821106,0.004338780418038368,0.015553918667137623,0.010828091762959957
SRP-archael-Meth.mari._CP000745,SRP,218,"[-0.4995006322860718, -0.05748400464653969, -0.0700346976518631, -0.018987152725458145]",0.03310665488243103,0.02312217280268669,0.014145740307867527,0.017055785283446312,0.008391293697059155
SRP-protozoan-Phyt.ramo._GSP-164328,SRP,314,"[-0.4995006322860718, -0.05748400464653969, -0.0700346976518631, -0.018987152725458145]",0.034169718623161316,0.023306170478463173,0.015642233192920685,0.01900990679860115,0.004282074049115181
SRP-long_bacterial-Baci.subt._Z99104,SRP,270,"[-0.4995006322860718, -0.05748400464653969, -0.0700346976518631, -0.018987152725458145]",0.034243758767843246,0.024806661531329155,0.013823644258081913,0.018226657062768936,0.0058275628834962845
SRP-archael-Meth.vann._CP000742,SRP,36,"[-0.4995006322860718, -0.05748400464653969, -0.0700346976518631, -0.018987152725458145]",0.04456520080566406,0.04020659625530243,-0.0011511631309986115,0.014587398618459702,0.01246472168713808
SRP-animal-Caen.eleg._AY948608,SRP,299,"[-0.4995006322860718, -0.05748400464653969, -0.0700346976518631, -0.018987152725458145]",0.03497416898608208,0.025696901604533195,0.013679166324436665,0.018876153975725174,0.0044082775712013245
SRP-animal-Mus.musc._DQ285765,SRP,290,"[-0.4995006322860718, -0.05748400464653969, -0.0700346976518631, -0.018987152725458145]",0.03623870760202408,0.028346847742795944,0.01163258496671915,0.018882103264331818,0.004224840551614761
SRP-fungal-Sacc.cere._U18917,SRP,493,"[-0.4995006322860718, -0.05748400464653969, -0.0700346976518631, -0.018987152725458145]",0.03659309074282646,0.019062235951423645,0.021710973232984543,0.02232823148369789,-0.002401905134320259
SRP-fungal-Sacc.kluy._AJ550805,SRP,448,"[-0.4995006322860718, -0.05748400464653969, -0.0700346976518631, -0.018987152725458145]",0.03574107214808464,0.020281251519918442,0.020076602697372437,0.021504804491996765,-0.0007540062069892883
SRP-fungal-Deba.hans._CR382138,SRP,263,"[-0.4995006322860718, -0.05748400464653969, -0.0700346976518631, -0.018987152725458145]",0.032669633626937866,0.02048005536198616,0.016797225922346115,0.017778294160962105,0.007046815007925034
SRP-animal-Onch.volv._GSP-6282,SRP,293,"[-0.4995006322860718, -0.05748400464653969, -0.0700346976518631, -0.018987152725458145]",0.03614358231425285,0.028117455542087555,0.011847412213683128,0.01892649382352829,0.00414656288921833
SRP-plant-Lyco.escu._Z29099,SRP,304,"[-0.4995006322860718, -0.05748400464653969, -0.0700346976518631, -0.018987152725458145]",0.033980920910835266,0.02315552718937397,0.015580317005515099,0.018797028809785843,0.004738150164484978
SRP-fungal-Cocc.immi._GSP-396776,SRP,326,"[-0.4995006322860718, -0.05748400464653969, -0.0700346976518631, -0.018987152725458145]",0.034769684076309204,0.02441621571779251,0.015052366070449352,0.01933125965297222,0.003536650910973549
SRP-protozoan-Leis.guya._AY722727,SRP,137,"[-0.4995006322860718, -0.05748400464653969, -0.0700346976518631, -0.018987152725458145]",0.03958446905016899,0.03455846756696701,0.004598429426550865,0.016229024156928062,0.009386999532580376
SRP-protozoan-Cryp.parv._AA532232,SRP,278,"[-0.4995006322860718, -0.05748400464653969, -0.0700346976518631, -0.018987152725458145]",0.033461835235357285,0.02258443459868431,0.015547568909823895,0.018230821937322617,0.005962202325463295
SRP-animal-Xeno.laev._X01055,SRP,297,"[-0.4995006322860718, -0.05748400464653969, -0.0700346976518631, -0.018987152725458145]",0.03530671447515488,0.026438526809215546,0.013115200214087963,0.018888309597969055,0.004334947094321251
SRP-long_bacterial-Baci.amyl._D11416,SRP,271,"[-0.4995006322860718, -0.05748400464653969, -0.0700346976518631, -0.018987152725458145]",0.0341995507478714,0.024680959060788155,0.013930443674325943,0.01823796145617962,0.005811968818306923
SRP-animal-Homo.sapi._X04249,SRP,299,"[-0.4995006322860718, -0.05748400464653969, -0.0700346976518631, -0.018987152725458145]",0.036328013986349106,0.02832433395087719,0.011801301501691341,0.019062481820583344,0.003848079591989517
SRP-animal-Phak.pach._GSP-170000-2,SRP,308,"[-0.4995006322860718, -0.05748400464653969, -0.0700346976518631, -0.018987152725458145]",0.03805050998926163,0.030998622998595238,0.010042572394013405,0.019434109330177307,0.002896329388022423
SRP-long_bacterial-Baci.subt._X14796,SRP,270,"[-0.4995006322860718, -0.05748400464653969, -0.0700346976518631, -0.018987152725458145]",0.034243758767843246,0.024806661531329155,0.013823644258081913,0.018226657062768936,0.0058275628834962845
SRP-small_bacterial-Lact.delb._AF496545,SRP,88,"[-0.4995006322860718, -0.05748400464653969, -0.0700346976518631, -0.018987152725458145]",0.03577611595392227,0.028969326987862587,0.007762112654745579,0.01484190858900547,0.012656058184802532
SRP-animal-Mus.musc._AC099934,SRP,302,"[-0.4995006322860718, -0.05748400464653969, -0.0700346976518631, -0.018987152725458145]",0.03605828434228897,0.027771877124905586,0.012247025035321712,0.019083961844444275,0.0038386844098567963
SRP-plant-Heli.annu._AJ828095,SRP,64,"[-0.4995006322860718, -0.05748400464653969, -0.0700346976518631, -0.018987152725458145]",0.036060769110918045,0.029286161065101624,0.007128667086362839,0.014379109255969524,0.013606002554297447
SRP-archael-Ther.acid._AL445063,SRP,317,"[-0.4995006322860718, -0.05748400464653969, -0.0700346976518631, -0.018987152725458145]",0.03658757358789444,0.0283955130726099,0.01205567829310894,0.019431481137871742,0.0030697807669639587
SRP-fungal-Cand.albi._GSP-237561,SRP,260,"[-0.4995006322860718, -0.05748400464653969, -0.0700346976518631, -0.018987152725458145]",0.032725989818573,0.020817440003156662,0.01650521717965603,0.01774156093597412,0.007102069444954395
SRP-long_bacterial-Baci.cere._AE017194,SRP,269,"[-0.4995006322860718, -0.05748400464653969, -0.0700346976518631, -0.018987152725458145]",0.03453732281923294,0.02548068016767502,0.01332495454698801,0.01825423538684845,0.005726250819861889
SRP-protozoan-Leis.aeth._AY722730,SRP,58,"[-0.4995006322860718, -0.05748400464653969, -0.0700346976518631, -0.018987152725458145]",0.03916231170296669,0.033764682710170746,0.0038260500878095627,0.014575392007827759,0.012905504554510117
SRP-animal-Fugu.rubr._U40756,SRP,298,"[-0.4995006322860718, -0.05748400464653969, -0.0700346976518631, -0.018987152725458145]",0.03584709390997887,0.027467070147395134,0.012397042475640774,0.01898146979510784,0.004073252901434898
SRP-plant-Lyco.escu._Z29110,SRP,274,"[-0.4995006322860718, -0.05748400464653969, -0.0700346976518631, -0.018987152725458145]",0.033785223960876465,0.02359135076403618,0.014760077930986881,0.018221348524093628,0.005917099304497242
SRP-small_bacterial-Yers.pest._CP000308,SRP,117,"[-0.4995006322860718, -0.05748400464653969, -0.0700346976518631, -0.018987152725458145]",0.038217831403017044,0.0327146053314209,0.005577096715569496,0.015693875029683113,0.010628045536577702
SRP-animal-Caen.brig._AC084446,SRP,299,"[-0.4995006322860718, -0.05748400464653969, -0.0700346976518631, -0.018987152725458145]",0.03670457378029823,0.02898119017481804,0.011331835761666298,0.01910906471312046,0.00370803102850914
SRP-small_bacterial-Heli.pylo._AE000511,SRP,103,"[-0.4995006322860718, -0.05748400464653969, -0.0700346976518631, -0.018987152725458145]",0.03310436010360718,0.023862188681960106,0.011666635051369667,0.014783021993935108,0.013109021820127964
SRP-plant-Trit.aest._CJ679223,SRP,272,"[-0.4995006322860718, -0.05748400464653969, -0.0700346976518631, -0.018987152725458145]",0.036906898021698,0.02979091741144657,0.01029523741453886,0.018620561808347702,0.004680071026086807
SRP-small_bacterial-Proc.mari._AJ237851,SRP,101,"[-0.4995006322860718, -0.05748400464653969, -0.0700346976518631, -0.018987152725458145]",0.03747248277068138,0.03162509575486183,0.006084451451897621,0.015293098986148834,0.011538672260940075
SRP-long_bacterial-Alka.meta._CP000724,SRP,175,"[-0.4995006322860718, -0.05748400464653969, -0.0700346976518631, -0.018987152725458145]",0.03450426459312439,0.026703352108597755,0.010857012122869492,0.016440309584140778,0.00945076160132885
SRP-long_bacterial-Baci.mega._D11414,SRP,270,"[-0.4995006322860718, -0.05748400464653969, -0.0700346976518631, -0.018987152725458145]",0.03440546244382858,0.02517036721110344,0.013563698157668114,0.018252450972795486,0.005750017240643501
SRP-protozoan-Leis.dono._AY781793,SRP,138,"[-0.4995006322860718, -0.05748400464653969, -0.0700346976518631, -0.018987152725458145]",0.04020983353257179,0.035361796617507935,0.004041234031319618,0.016306214034557343,0.009173324331641197
SRP-plant-Bras.oler._GSP-109376,SRP,312,"[-0.4995006322860718, -0.05748400464653969, -0.0700346976518631, -0.018987152725458145]",0.03434669226408005,0.023844776675105095,0.0152233662083745,0.019007664173841476,0.004252027720212936
SRP-fungal-Podo.anse._GSP-5145,SRP,288,"[-0.4995006322860718, -0.05748400464653969, -0.0700346976518631, -0.018987152725458145]",0.034695498645305634,0.025375880300998688,0.013722064904868603,0.018630973994731903,0.004943078383803368
SRP-protozoan-Eime.tene._CD666347,SRP,269,"[-0.4995006322860718, -0.05748400464653969, -0.0700346976518631, -0.018987152725458145]",0.039649635553359985,0.03387698531150818,0.00732398871332407,0.018849670886993408,0.003936063498258591
SRP-plant-Oryz.sati._AP003253,SRP,318,"[-0.4995006322860718, -0.05748400464653969, -0.0700346976518631, -0.018987152725458145]",0.035337649285793304,0.025952862575650215,0.013818435370922089,0.019278477877378464,0.003548186272382736
SRP-protozoan-Leis.braz._AY722725,SRP,139,"[-0.4995006322860718, -0.05748400464653969, -0.0700346976518631, -0.018987152725458145]",0.03972506895661354,0.03474021330475807,0.004502447322010994,0.016282353550195694,0.009263456799089909
SRP-long_bacterial-Stap.aure._CP000253,SRP,270,"[-0.4995006322860718, -0.05748400464653969, -0.0700346976518631, -0.018987152725458145]",0.03320460394024849,0.022078875452280045,0.015773233026266098,0.018033213913440704,0.006409157998859882
SRP-plant-Trit.aest._CJ572413,SRP,272,"[-0.4995006322860718, -0.05748400464653969, -0.0700346976518631, -0.018987152725458145]",0.036906898021698,0.02979091741144657,0.01029523741453886,0.018620561808347702,0.004680071026086807
SRP-small_bacterial-Esch.coli._U82664,SRP,118,"[-0.4995006322860718, -0.05748400464653969, -0.0700346976518631, -0.018987152725458145]",0.03831254690885544,0.03284691274166107,0.005499493330717087,0.01572347804903984,0.010557440109550953
SRP-long_bacterial-Stap.aure._AP009351,SRP,270,"[-0.4995006322860718, -0.05748400464653969, -0.0700346976518631, -0.018987152725458145]",0.03320460394024849,0.022078875452280045,0.015773233026266098,0.018033213913440704,0.006409157998859882
SRP-plant-Lotu.corn._AP006123,SRP,304,"[-0.4995006322860718, -0.05748400464653969, -0.0700346976518631, -0.018987152725458145]",0.03428784757852554,0.023963095620274544,0.015003135427832603,0.018854297697544098,0.004565967246890068
SRP-protozoan-Leis.dono._AY722735,SRP,138,"[-0.4995006322860718, -0.05748400464653969, -0.0700346976518631, -0.018987152725458145]",0.04020983353257179,0.035361796617507935,0.004041234031319618,0.016306214034557343,0.009173324331641197
SRP-long_bacterial-Baci.cere._AE016877,SRP,269,"[-0.4995006322860718, -0.05748400464653969, -0.0700346976518631, -0.018987152725458145]",0.034886494278907776,0.026210792362689972,0.012803132645785809,0.018306013196706772,0.0055705830454826355
SRP-protozoan-Leis.braz._AY722726,SRP,139,"[-0.4995006322860718, -0.05748400464653969, -0.0700346976518631, -0.018987152725458145]",0.03972506895661354,0.03474021330475807,0.004502447322010994,0.016282353550195694,0.009263456799089909
SRP-small_bacterial-Stre.pyog._CP000056,SRP,98,"[-0.4995006322860718, -0.05748400464653969, -0.0700346976518631, -0.018987152725458145]",0.03465905785560608,0.02707507833838463,0.009285543113946915,0.014909770339727402,0.012635976076126099
SRP-small_bacterial-Lact.plan._AL935253,SRP,84,"[-0.4995006322860718, -0.05748400464653969, -0.0700346976518631, -0.018987152725458145]",0.03395022451877594,0.02562623843550682,0.010083634406328201,0.014523951336741447,0.013538425788283348
SRP-protozoan-Leis.trop._AY722722,SRP,134,"[-0.4995006322860718, -0.05748400464653969, -0.0700346976518631, -0.018987152725458145]",0.04050764814019203,0.03573824465274811,0.0037043485790491104,0.016252031549811363,0.00926264375448227
SRP-fungal-Cand.dubl._GSP-42374,SRP,263,"[-0.4995006322860718, -0.05748400464653969, -0.0700346976518631, -0.018987152725458145]",0.03253570944070816,0.019919980317354202,0.017197521403431892,0.017738576978445053,0.007166230119764805
SRP-plant-Zea.mays._X14661,SRP,308,"[-0.4995006322860718, -0.05748400464653969, -0.0700346976518631, -0.018987152725458145]",0.03581336885690689,0.02717263624072075,0.012777063064277172,0.01916278339922428,0.003712072968482971
SRP-fungal-Kluy.walt._AADM01000319,SRP,411,"[-0.4995006322860718, -0.05748400464653969, -0.0700346976518631, -0.018987152725458145]",0.03475213795900345,0.019314276054501534,0.020140256732702255,0.02068810723721981,0.001020805910229683
SRP-archael-Halo.volc._AF395888,SRP,306,"[-0.4995006322860718, -0.05748400464653969, -0.0700346976518631, -0.018987152725458145]",0.03779321908950806,0.030633144080638885,0.01026986911892891,0.019367750734090805,0.0030590444803237915
SRP-animal-Homo.sapi._X01037,SRP,299,"[-0.4995006322860718, -0.05748400464653969, -0.0700346976518631, -0.018987152725458145]",0.036328013986349106,0.02832433395087719,0.011801301501691341,0.019062481820583344,0.003848079591989517
SRP-protozoan-Phyt.soja._GSP-67593,SRP,315,"[-0.4995006322860718, -0.05748400464653969, -0.0700346976518631, -0.018987152725458145]",0.03462738171219826,0.024442031979560852,0.014847374521195889,0.019110675901174545,0.003997499123215675
SRP-animal-Phak.pach._GSP-170000-1,SRP,308,"[-0.4995006322860718, -0.05748400464653969, -0.0700346976518631, -0.018987152725458145]",0.03774501010775566,0.030520372092723846,0.010384384542703629,0.01940019242465496,0.0029982980340719223
SRP-fungal-Schi.japo._GSP-402676,SRP,257,"[-0.4995006322860718, -0.05748400464653969, -0.0700346976518631, -0.018987152725458145]",0.03606310859322548,0.02861175313591957,0.010883631184697151,0.01823364570736885,0.005567418411374092
SRP-small_bacterial-Lact.lact._AM406671,SRP,36,"[-0.4995006322860718, -0.05748400464653969, -0.0700346976518631, -0.018987152725458145]",0.03900265693664551,0.03338713198900223,0.0037228111177682877,0.014103787951171398,0.013918709009885788
SRP-small_bacterial-Trop.whip._AE014184,SRP,89,"[-0.4995006322860718, -0.05748400464653969, -0.0700346976518631, -0.018987152725458145]",0.040640704333782196,0.03582514822483063,0.002879112958908081,0.015348317101597786,0.01115192286670208
SRP-long_bacterial-Stap.aure._CP000255,SRP,270,"[-0.4995006322860718, -0.05748400464653969, -0.0700346976518631, -0.018987152725458145]",0.03320460394024849,0.022078875452280045,0.015773233026266098,0.018033213913440704,0.006409157998859882
SRP-animal-Homo.sapi._BF908765,SRP,280,"[-0.4995006322860718, -0.05748400464653969, -0.0700346976518631, -0.018987152725458145]",0.03611402586102486,0.028315775096416473,0.011485211551189423,0.01867770403623581,0.004655422642827034
SRP-plant-Zea.mays._CB179518,SRP,307,"[-0.4995006322860718, -0.05748400464653969, -0.0700346976518631, -0.018987152725458145]",0.03530220687389374,0.026178443804383278,0.013470669277012348,0.01907205954194069,0.003966441377997398
SRP-animal-Dros.mela._AE014297,SRP,299,"[-0.4995006322860718, -0.05748400464653969, -0.0700346976518631, -0.018987152725458145]",0.03453332558274269,0.024711614474654198,0.014383367262780666,0.018806282430887222,0.0046183522790670395
SRP-plant-Lyco.escu._X13958,SRP,302,"[-0.4995006322860718, -0.05748400464653969, -0.0700346976518631, -0.018987152725458145]",0.03364119306206703,0.0222440455108881,0.016197849065065384,0.018691949546337128,0.005017280578613281
SRP-fungal-Phak.pach._GSP-170000-2,SRP,308,"[-0.4995006322860718, -0.05748400464653969, -0.0700346976518631, -0.018987152725458145]",0.03805050998926163,0.030998622998595238,0.010042572394013405,0.019434109330177307,0.002896329388022423
SRP-long_bacterial-Stap.aure._BX571857,SRP,101,"[-0.4995006322860718, -0.05748400464653969, -0.0700346976518631, -0.018987152725458145]",0.03398716077208519,0.025791415944695473,0.010253870859742165,0.014879396185278893,0.012782479636371136
SRP-animal-Dros.moja._GSP-7230,SRP,297,"[-0.4995006322860718, -0.05748400464653969, -0.0700346976518631, -0.018987152725458145]",0.03439990058541298,0.02445468306541443,0.014533082954585552,0.018747622147202492,0.004757925868034363
SRP-animal-Homo.sapi._AA559987,SRP,288,"[-0.4995006322860718, -0.05748400464653969, -0.0700346976518631, -0.018987152725458145]",0.03617576137185097,0.02827415242791176,0.011650625616312027,0.018836509436368942,0.004325132817029953
SRP-plant-Prun.arme._CB819242,SRP,67,"[-0.4995006322860718, -0.05748400464653969, -0.0700346976518631, -0.018987152725458145]",0.0376555435359478,0.031733546406030655,0.005430359393358231,0.014613326638936996,0.012957004830241203
SRP-plant-Zea.mays._CF602412,SRP,303,"[-0.4995006322860718, -0.05748400464653969, -0.0700346976518631, -0.018987152725458145]",0.03549543768167496,0.026671523228287697,0.013050423003733158,0.019026149064302444,0.004030894488096237
SRP-fungal-Gibb.zeae._GSP-229533,SRP,298,"[-0.4995006322860718, -0.05748400464653969, -0.0700346976518631, -0.018987152725458145]",0.03533845767378807,0.026478474959731102,0.013103606179356575,0.018911361694335938,0.004284033551812172
SRP-protozoan-Enta.inva._GSP-370355,SRP,271,"[-0.4995006322860718, -0.05748400464653969, -0.0700346976518631, -0.018987152725458145]",0.03259415924549103,0.019789062440395355,0.017426755279302597,0.01789104752242565,0.006854977458715439
SRP-long_bacterial-Stap.epid._AF269814,SRP,101,"[-0.4995006322860718, -0.05748400464653969, -0.0700346976518631, -0.018987152725458145]",0.03423190489411354,0.026277555152773857,0.009906419552862644,0.014913871884346008,0.01267882902175188
SRP-long_bacterial-Baci.subt._X06803,SRP,53,"[-0.4995006322860718, -0.05748400464653969, -0.0700346976518631, -0.018987152725458145]",0.03452974185347557,0.026507971808314323,0.008927739225327969,0.013959676027297974,0.014664696529507637
SRP-long_bacterial-Clos.perf._CP000312,SRP,268,"[-0.4995006322860718, -0.05748400464653969, -0.0700346976518631, -0.018987152725458145]",0.03379422053694725,0.0237777978181839,0.014525072649121284,0.018113255500793457,0.00613172072917223
SRP-animal-Aede.aegy._GSP-7159,SRP,301,"[-0.4995006322860718, -0.05748400464653969, -0.0700346976518631, -0.018987152725458145]",0.03466762974858284,0.02496439404785633,0.014236616902053356,0.018864646553993225,0.00447966530919075
SRP-plant-Medi.trun._AC136507-1,SRP,263,"[-0.4995006322860718, -0.05748400464653969, -0.0700346976518631, -0.018987152725458145]",0.03369409218430519,0.023653831332921982,0.014528881758451462,0.018003366887569427,0.006370129995048046
SRP-animal-Cion.savi._BW520975,SRP,293,"[-0.4995006322860718, -0.05748400464653969, -0.0700346976518631, -0.018987152725458145]",0.03568975254893303,0.027279570698738098,0.012446261011064053,0.018867075443267822,0.0043252091854810715
SRP-protozoan-Leis.infa._AM502223,SRP,279,"[-0.4995006322860718, -0.05748400464653969, -0.0700346976518631, -0.018987152725458145]",0.03780220448970795,0.031092030927538872,0.009484020993113518,0.01885436847805977,0.004105888307094574
SRP-small_bacterial-Stre.pyog._BA000034,SRP,99,"[-0.4995006322860718, -0.05748400464653969, -0.0700346976518631, -0.018987152725458145]",0.03451140597462654,0.026804428547620773,0.009495940059423447,0.014910796657204628,0.012651286087930202
SRP-archael-Ther.volc._BA000011,SRP,299,"[-0.4995006322860718, -0.05748400464653969, -0.0700346976518631, -0.018987152725458145]",0.03680097311735153,0.02914540469646454,0.01121446955949068,0.019120709970593452,0.0036730170249938965
SRP-small_bacterial-Lact.gass._CP000413,SRP,89,"[-0.4995006322860718, -0.05748400464653969, -0.0700346976518631, -0.018987152725458145]",0.03406744822859764,0.025894779711961746,0.009976495988667011,0.014644092880189419,0.013269190676510334
SRP-fungal-Phae.nodo._GSP-321614,SRP,264,"[-0.4995006322860718, -0.05748400464653969, -0.0700346976518631, -0.018987152725458145]",0.034276437014341354,0.025018515065312386,0.013570478186011314,0.018120363354682922,0.006036768667399883
SRP-animal-Brug.mala._GSP-6279,SRP,301,"[-0.4995006322860718, -0.05748400464653969, -0.0700346976518631, -0.018987152725458145]",0.035682111978530884,0.027084996923804283,0.012720989994704723,0.019015032798051834,0.004027528688311577
SRP-long_bacterial-Baci.amyl._D13041,SRP,270,"[-0.4995006322860718, -0.05748400464653969, -0.0700346976518631, -0.018987152725458145]",0.034243758767843246,0.024806661531329155,0.013823644258081913,0.018226657062768936,0.0058275628834962845
RNaseP-nuclear-K.thermotolerans,RNaseP,219,"[-0.4995006322860718, -0.05748400464653969, -0.0700346976518631, -0.018987152725458145]",0.03477105870842934,0.026798909530043602,0.011534880846738815,0.01733674481511116,0.007564975880086422
RNaseP-a_bacterial-A.tumefaciens,RNaseP,402,"[-0.4995006322860718, -0.05748400464653969, -0.0700346976518631, -0.018987152725458145]",0.03648513928055763,0.025496993213891983,0.015568749979138374,0.020944587886333466,8.414126932621002e-05
RNaseP-a_bacterial-L.japonicus-IFO15385,RNaseP,326,"[-0.4995006322860718, -0.05748400464653969, -0.0700346976518631, -0.018987152725458145]",0.03675391525030136,0.028482792899012566,0.012145922519266605,0.019619647413492203,0.00266961008310318
RNaseP-a_bacterial-S.typhimurium,RNaseP,375,"[-0.4995006322860718, -0.05748400464653969, -0.0700346976518631, -0.018987152725458145]",0.035870201885700226,0.02519729733467102,0.015325074084103107,0.02037740685045719,0.0012927241623401642
RNaseP-a_bacterial-T.pallidum,RNaseP,340,"[-0.4995006322860718, -0.05748400464653969, -0.0700346976518631, -0.018987152725458145]",0.03361578285694122,0.020143020898103714,0.01834389939904213,0.019311293959617615,0.0038542039692401886
RNaseP-vertibrate_nuclear-R.norvegicus,RNaseP,257,"[-0.4995006322860718, -0.05748400464653969, -0.0700346976518631, -0.018987152725458145]",0.037860047072172165,0.03147751837968826,0.008835423737764359,0.018436875194311142,0.004956403747200966
RNaseP-a_bacterial-N.meningitidis-Z2491,RNaseP,360,"[-0.4995006322860718, -0.05748400464653969, -0.0700346976518631, -0.018987152725458145]",0.03574904426932335,0.02549324557185173,0.014859179966151714,0.0200951024889946,0.0018655601888895035
RNaseP-nuclear-P.strasburgensis,RNaseP,314,"[-0.4995006322860718, -0.05748400464653969, -0.0700346976518631, -0.018987152725458145]",0.034169718623161316,0.023306170478463173,0.015642233192920685,0.01900990679860115,0.004282074049115181
RNaseP-nuclear-S.fibuligera,RNaseP,243,"[-0.4995006322860718, -0.05748400464653969, -0.0700346976518631, -0.018987152725458145]",0.03358783945441246,0.023858122527599335,0.01404370367527008,0.01761346310377121,0.00717448815703392
RNaseP-a_bacterial-E.coli-JM109,RNaseP,377,"[-0.4995006322860718, -0.05748400464653969, -0.0700346976518631, -0.018987152725458145]",0.0360383540391922,0.025504421442747116,0.015139483846724033,0.020439624786376953,0.001142449676990509
RNaseP-yeast_nuclear-S.malidevorans,RNaseP,286,"[-0.4995006322860718, -0.05748400464653969, -0.0700346976518631, -0.018987152725458145]",0.033210594207048416,0.02150418795645237,0.016455303877592087,0.01831597089767456,0.005853356793522835
RNaseP-a_bacterial-T.tumescens,RNaseP,307,"[-0.4995006322860718, -0.05748400464653969, -0.0700346976518631, -0.018987152725458145]",0.03844378516077995,0.031616244465112686,0.009584191255271435,0.019457688555121422,0.0028070416301488876
RNaseP-nuclear-S.globosus,RNaseP,339,"[-0.4995006322860718, -0.05748400464653969, -0.0700346976518631, -0.018987152725458145]",0.033073097467422485,0.016330411657691002,0.021051868796348572,0.019020698964595795,0.00470949150621891
RNaseP-yeast_nuclear-S.diastaticus,RNaseP,369,"[-0.4995006322860718, -0.05748400464653969, -0.0700346976518631, -0.018987152725458145]",0.034260429441928864,0.02079271525144577,0.0183713436126709,0.019943732768297195,0.002486206591129303
RNaseP-a_bacterial-Wolbachia-sp,RNaseP,348,"[-0.4995006322860718, -0.05748400464653969, -0.0700346976518631, -0.018987152725458145]",0.03323517367243767,0.016551552340388298,0.021046441048383713,0.019218357279896736,0.004280781373381615
RNaseP-a_bacterial-C.tepidum-g,RNaseP,381,"[-0.4995006322860718, -0.05748400464653969, -0.0700346976518631, -0.018987152725458145]",0.03469124436378479,0.02159673348069191,0.018000200390815735,0.020243385806679726,0.0018060319125652313
RNaseP-yeast_nuclear-S.kluyveri,RNaseP,336,"[-0.4995006322860718, -0.05748400464653969, -0.0700346976518631, -0.018987152725458145]",0.03400386497378349,0.021852796897292137,0.017054062336683273,0.019351666793227196,0.0036592427641153336
RNaseP-a_bacterial-Y.pestis,RNaseP,377,"[-0.4995006322860718, -0.05748400464653969, -0.0700346976518631, -0.018987152725458145]",0.035981252789497375,0.02537418156862259,0.015232568606734276,0.020430389791727066,0.0011702198535203934
RNaseP-nuclear-S.unisporus,RNaseP,244,"[-0.4995006322860718, -0.05748400464653969, -0.0700346976518631, -0.018987152725458145]",0.03243871033191681,0.020307622849941254,0.016598258167505264,0.01738189533352852,0.0078890984877944
RNaseP-b_bacterial-S.pyogenes,RNaseP,409,"[-0.4995006322860718, -0.05748400464653969, -0.0700346976518631, -0.018987152725458145]",0.03436460345983505,0.014809911139309406,0.02332567609846592,0.020328234881162643,0.0020659789443016052
RNaseP-yeast_nuclear-S.carlsbergensis,RNaseP,359,"[-0.4995006322860718, -0.05748400464653969, -0.0700346976518631, -0.018987152725458145]",0.03499341383576393,0.023689029738307,0.016131721436977386,0.019946934655308723,0.0022926367819309235
RNaseP-a_bacterial-C.jejuni,RNaseP,318,"[-0.4995006322860718, -0.05748400464653969, -0.0700346976518631, -0.018987152725458145]",0.03283175453543663,0.017460700124502182,0.019887913018465042,0.01867624558508396,0.005358811467885971
RNaseP-a_bacterial-X.fastidiosa,RNaseP,359,"[-0.4995006322860718, -0.05748400464653969, -0.0700346976518631, -0.018987152725458145]",0.03531382232904434,0.024509644135832787,0.015545215457677841,0.020005129277706146,0.0021176710724830627
RNaseP-nuclear-P.mississippiensis,RNaseP,232,"[-0.4995006322860718, -0.05748400464653969, -0.0700346976518631, -0.018987152725458145]",0.03444576635956764,0.02597646787762642,0.012343148700892925,0.017541274428367615,0.007189185358583927
RNaseP-yeast_nuclear-S.bayanus,RNaseP,369,"[-0.4995006322860718, -0.05748400464653969, -0.0700346976518631, -0.018987152725458145]",0.03422762081027031,0.02065965160727501,0.018466446548700333,0.01993429660797119,0.0025145765393972397
RNaseP-a_bacterial-M.bovis,RNaseP,422,"[-0.4995006322860718, -0.05748400464653969, -0.0700346976518631, -0.018987152725458145]",0.037005405873060226,0.02580486796796322,0.01568787358701229,0.02137080952525139,-0.0008294153958559036
RNaseP-a_bacterial-C.trachomatis,RNaseP,408,"[-0.4995006322860718, -0.05748400464653969, -0.0700346976518631, -0.018987152725458145]",0.03433995321393013,0.01573006808757782,0.02265106700360775,0.02037326991558075,0.001912187784910202
RNaseP-a_bacterial-S.marcescens,RNaseP,378,"[-0.4995006322860718, -0.05748400464653969, -0.0700346976518631, -0.018987152725458145]",0.035952020436525345,0.0252668596804142,0.015326231718063354,0.02044299803674221,0.0011507067829370499
RNaseP-nuclear-S.cerevisiae,RNaseP,369,"[-0.4995006322860718, -0.05748400464653969, -0.0700346976518631, -0.018987152725458145]",0.034260429441928864,0.02079271525144577,0.0183713436126709,0.019943732768297195,0.002486206591129303
RNaseP-a_bacterial-C.pneumoniae-AR39,RNaseP,406,"[-0.4995006322860718, -0.05748400464653969, -0.0700346976518631, -0.018987152725458145]",0.03432590886950493,0.014197353273630142,0.023712605237960815,0.020224135369062424,0.002323772758245468
RNaseP-a_bacterial-C.hydrogenoformans,RNaseP,331,"[-0.4995006322860718, -0.05748400464653969, -0.0700346976518631, -0.018987152725458145]",0.035107456147670746,0.025045644491910934,0.014687296003103256,0.0194769948720932,0.0031904708594083786
RNaseP-archaea-M.barkeri,RNaseP,371,"[-0.4995006322860718, -0.05748400464653969, -0.0700346976518631, -0.018987152725458145]",0.034686148166656494,0.022189108654856682,0.017407238483428955,0.020083200186491013,0.002103688195347786
RNaseP-archaea-A.fulgidus,RNaseP,229,"[-0.4995006322860718, -0.05748400464653969, -0.0700346976518631, -0.018987152725458145]",0.03770659118890762,0.031554870307445526,0.008305305615067482,0.017876215279102325,0.006126992404460907
telomerase-AF221912.98-564,telomerase,467,"[-0.4995006322860718, -0.05748400464653969, -0.0700346976518631, -0.018987152725458145]",0.037821173667907715,0.025491494685411453,0.016674969345331192,0.022258464246988297,-0.0026704072952270508
telomerase-AF221921.98-548,telomerase,451,"[-0.4995006322860718, -0.05748400464653969, -0.0700346976518631, -0.018987152725458145]",0.03759664669632912,0.025788798928260803,0.0161911491304636,0.021956035867333412,-0.0020554661750793457
telomerase-U85256.1-451,telomerase,451,"[-0.4995006322860718, -0.05748400464653969, -0.0700346976518631, -0.018987152725458145]",0.03783676028251648,0.026333145797252655,0.01580209657549858,0.021994639188051224,-0.0021715257316827774
telomerase-AF221917.99-542,telomerase,444,"[-0.4995006322860718, -0.05748400464653969, -0.0700346976518631, -0.018987152725458145]",0.03741912916302681,0.025722024962306023,0.016120165586471558,0.021809764206409454,-0.0017444584518671036
telomerase-AF221930.94-546,telomerase,453,"[-0.4995006322860718, -0.05748400464653969, -0.0700346976518631, -0.018987152725458145]",0.037984833121299744,0.02656511589884758,0.01567022129893303,0.022051528096199036,-0.002305777743458748
telomerase-AF221916.94-481,telomerase,388,"[-0.4995006322860718, -0.05748400464653969, -0.0700346976518631, -0.018987152725458145]",0.03595278784632683,0.0248489361256361,0.015794511884450912,0.020615555346012115,0.0008158553391695023
telomerase-AF221935.112-602,telomerase,491,"[-0.4995006322860718, -0.05748400464653969, -0.0700346976518631, -0.018987152725458145]",0.03697488456964493,0.0212276428937912,0.020129408687353134,0.022441357374191284,-0.0027788039296865463
telomerase-AF221929.92-517,telomerase,426,"[-0.4995006322860718, -0.05748400464653969, -0.0700346976518631, -0.018987152725458145]",0.03742154687643051,0.026548275724053383,0.015224382281303406,0.02150440774857998,-0.0011575017124414444
telomerase-AF221925.98-540,telomerase,443,"[-0.4995006322860718, -0.05748400464653969, -0.0700346976518631, -0.018987152725458145]",0.038436442613601685,0.02792852371931076,0.014526189304888248,0.021946020424365997,-0.00217251293361187
telomerase-AF221926.103-507,telomerase,405,"[-0.4995006322860718, -0.05748400464653969, -0.0700346976518631, -0.018987152725458145]",0.0353853777050972,0.022396497428417206,0.017835594713687897,0.020785368978977203,0.0006180144846439362
telomerase-AC121792.109554-109950,telomerase,397,"[-0.4995006322860718, -0.05748400464653969, -0.0700346976518631, -0.018987152725458145]",0.03734259679913521,0.027508970350027084,0.01404596772044897,0.020986171439290047,-0.00013285689055919647
telomerase-AF221914.112-589,telomerase,478,"[-0.4995006322860718, -0.05748400464653969, -0.0700346976518631, -0.018987152725458145]",0.03688095882534981,0.022071417421102524,0.019305890426039696,0.022238340228796005,-0.0024075601249933243
telomerase-AY058901.1-397,telomerase,397,"[-0.4995006322860718, -0.05748400464653969, -0.0700346976518631, -0.018987152725458145]",0.03697500005364418,0.026766903698444366,0.01457633450627327,0.020933546125888824,2.535991370677948e-05
telomerase-AF221918.97-547,telomerase,451,"[-0.4995006322860718, -0.05748400464653969, -0.0700346976518631, -0.018987152725458145]",0.03808750584721565,0.026877492666244507,0.015413042157888412,0.022033240646123886,-0.0022875871509313583
telomerase-AY312571.605-1069,telomerase,465,"[-0.4995006322860718, -0.05748400464653969, -0.0700346976518631, -0.018987152725458145]",0.04032197222113609,0.030544815585017204,0.013029368594288826,0.022576387971639633,-0.0036630425602197647
telomerase-AF221906.96-545,telomerase,450,"[-0.4995006322860718, -0.05748400464653969, -0.0700346976518631, -0.018987152725458145]",0.03761861100792885,0.025888867676258087,0.01610267162322998,0.02194291353225708,-0.0020344052463769913
telomerase-AF221908.136-584,telomerase,449,"[-0.4995006322860718, -0.05748400464653969, -0.0700346976518631, -0.018987152725458145]",0.03620663285255432,0.022052498534321785,0.01882762275636196,0.021650632843375206,-0.0011740531772375107
telomerase-AF221939.99-544,telomerase,446,"[-0.4995006322860718, -0.05748400464653969, -0.0700346976518631, -0.018987152725458145]",0.037375956773757935,0.02552175708115101,0.016297217458486557,0.02183600142598152,-0.0017865505069494247
telomerase-AF221920.99-541,telomerase,443,"[-0.4995006322860718, -0.05748400464653969, -0.0700346976518631, -0.018987152725458145]",0.03734618052840233,0.02560097724199295,0.01618972048163414,0.021780960261821747,-0.0016762521117925644
telomerase-AF221927.113-556,telomerase,444,"[-0.4995006322860718, -0.05748400464653969, -0.0700346976518631, -0.018987152725458145]",0.03640914708375931,0.023067962378263474,0.018017064779996872,0.021621547639369965,-0.0011785812675952911
telomerase-AF221910.112-554,telomerase,443,"[-0.4995006322860718, -0.05748400464653969, -0.0700346976518631, -0.018987152725458145]",0.03601156547665596,0.02183256857097149,0.018883060663938522,0.021513719111680984,-0.0008727852255105972
telomerase-AF221931.99-541,telomerase,443,"[-0.4995006322860718, -0.05748400464653969, -0.0700346976518631, -0.018987152725458145]",0.03753891959786415,0.026044318452477455,0.015872858464717865,0.021812399849295616,-0.001770777627825737
telomerase-AF221924.105-538,telomerase,434,"[-0.4995006322860718, -0.05748400464653969, -0.0700346976518631, -0.018987152725458145]",0.03882645443081856,0.029006052762269974,0.01360343862324953,0.02184046059846878,-0.002020692452788353
telomerase-AF221934.121-565,telomerase,445,"[-0.4995006322860718, -0.05748400464653969, -0.0700346976518631, -0.018987152725458145]",0.036329396069049835,0.022752955555915833,0.018259162083268166,0.02161942794919014,-0.0011538155376911163
telomerase-AF147806.247-692,telomerase,446,"[-0.4995006322860718, -0.05748400464653969, -0.0700346976518631, -0.018987152725458145]",0.039085619151592255,0.029044639319181442,0.013779359869658947,0.022085830569267273,-0.002537669613957405
telomerase-AF221911.104-513,telomerase,410,"[-0.4995006322860718, -0.05748400464653969, -0.0700346976518631, -0.018987152725458145]",0.03890717029571533,0.02994147501885891,0.012527878396213055,0.021421529352664948,-0.0012026391923427582
telomerase-AF221909.98-496,telomerase,399,"[-0.4995006322860718, -0.05748400464653969, -0.0700346976518631, -0.018987152725458145]",0.03630051016807556,0.025197239592671394,0.015732113271951675,0.020862670615315437,0.00027523934841156006
telomerase-AF221936.98-540,telomerase,443,"[-0.4995006322860718, -0.05748400464653969, -0.0700346976518631, -0.018987152725458145]",0.03734618052840233,0.02560097724199295,0.01618972048163414,0.021780960261821747,-0.0016762521117925644
telomerase-AF221940.103-499,telomerase,397,"[-0.4995006322860718, -0.05748400464653969, -0.0700346976518631, -0.018987152725458145]",0.03570811450481415,0.023798633366823196,0.016697801649570465,0.020723048597574234,0.0006582289934158325
telomerase-AF221923.106-554,telomerase,449,"[-0.4995006322860718, -0.05748400464653969, -0.0700346976518631, -0.018987152725458145]",0.03705429658293724,0.024567650631070137,0.017030006274580956,0.021828997880220413,-0.0017103124409914017
telomerase-AF221928.95-476,telomerase,382,"[-0.4995006322860718, -0.05748400464653969, -0.0700346976518631, -0.018987152725458145]",0.036966294050216675,0.027283890172839165,0.013952462002635002,0.02066691592335701,0.0005510691553354263
telomerase-AF221937.99-545,telomerase,447,"[-0.4995006322860718, -0.05748400464653969, -0.0700346976518631, -0.018987152725458145]",0.03754289075732231,0.025861486792564392,0.016071364283561707,0.021880313754081726,-0.0019013788551092148
telomerase-AF221932.102-549,telomerase,448,"[-0.4995006322860718, -0.05748400464653969, -0.0700346976518631, -0.018987152725458145]",0.03776237368583679,0.026309171691536903,0.01576835662126541,0.02193228155374527,-0.0020392276346683502
telomerase-AF221913.109-520,telomerase,412,"[-0.4995006322860718, -0.05748400464653969, -0.0700346976518631, -0.018987152725458145]",0.03462795913219452,0.018391717225313187,0.020816581323742867,0.020642902702093124,0.0011751111596822739
